"","IssuerCompany","IssueOpenDate","IssueCloseDate","IssuePrice","IssueType","IssueSize","IPOYear"
"1","Autoline Industries Limited",2007-01-08,2007-01-12,225,"BB",75,2007
"2","Akruti Nirman Limited",2007-01-15,2007-01-19,540,"BB",361.8,2007
"3","Global Broadcast News Ltd",2007-01-15,2007-01-18,250,"BB",105,2007
"4","Pochiraju Industries Limited",2007-01-15,2007-01-18,30,"BB",37.6,2007
"5","Yogindera Worsted Limited",2007-01-16,2007-01-22,24,"FP",NA,2007
"6","House of Pearl Fashions Ltd",2007-01-16,2007-01-23,550,"BB",329.17,2007
"7","Technocraft Industries (India) Ltd",2007-01-18,2007-01-23,105,"BB",87.36,2007
"8","Cinemax India Ltd",2007-01-18,2007-01-24,155,"BB",138.26,2007
"9","Redington (India) Limited",2007-01-22,2007-01-25,113,"BB",149.51,2007
"10","Transwarranty Finance Ltd",2007-01-23,2007-02-02,52,"BB",31.2,2007
"11","Firstsource Solutions Limited",2007-01-29,2007-02-02,64,"BB",443.52,2007
"12","Power Finance Corporation Ltd.",2007-01-31,2007-02-06,85,"BB",997.19,2007
"13","SMS Pharmaceuticals Limited",2007-02-05,2007-02-08,380,"BB",97.93,2007
"14","Lawreshwar Polymers Ltd",2007-02-05,2007-02-08,16,"FP",13.94,2007
"15","C & C Constructions Limited",2007-02-05,2007-02-09,291,"BB",124.24,2007
"16","Indian Bank",2007-02-05,2007-02-09,91,"BB",782.15,2007
"17","Euro Ceramics Limited",2007-02-07,2007-02-13,165,"BB",92.75,2007
"18","Mudra Lifestyle Limited",2007-02-08,2007-02-14,90,"BB",86.22,2007
"19","Vijayeswari Textiles Limited",2007-02-08,2007-02-19,100,"BB",90,2007
"20","Oriental Trimex Limited",2007-02-08,2007-02-14,48,"BB",48,2007
"21","MindTree Consulting Limited",2007-02-09,2007-02-14,425,"BB",237.72,2007
"22","Broadcast Initiatives Limited",2007-02-09,2007-02-14,120,"BB",102.6,2007
"23","Indus Fila Limited",2007-02-12,2007-02-14,170,"BB",82.34,2007
"24","Idea Cellular Limited",2007-02-12,2007-02-15,75,"BB",NA,2007
"25","Evinix Accessories Limited",2007-02-12,2007-02-15,120,"BB",42,2007
"26","Astral Poly Technik Limited",2007-02-14,2007-02-22,115,"FP",34.17,2007
"27","Raj Television Network Ltd",2007-02-14,2007-02-23,257,"BB",91.7,2007
"28","AMD Metplast Limited",2007-02-15,2007-02-23,75,"BB",76.25,2007
"29","Jagjanani Textiles Limited",2007-02-15,2007-02-23,25,"FP",20.25,2007
"30","Abhishek Mills Ltd",2007-02-20,2007-03-01,100,"BB",41,2007
"31","Tubeknit Fashions Limited",2007-02-21,2007-03-02,NA,"BB",NA,2007
"32","Page Industries Ltd (Jockey India)",2007-02-23,2007-02-27,360,"BB",100.94,2007
"33","Gremach Infrastructure Ltd",2007-03-08,2007-03-19,86,"BB",59,2007
"34","ICRA Limited",2007-03-20,2007-03-23,330,"BB",85.18,2007
"35","Orbit Corporation Limited",2007-03-20,2007-03-23,110,"BB",100.1,2007
"36","Advanta India Limited",2007-03-26,2007-03-30,650,"BB",216.32,2007
"37","Ammana Bio Pharma Limited",2007-03-28,2007-04-05,NA,"BB",NA,2007
"38","Fortis Healthcare Ltd",2007-04-16,2007-04-20,108,"BB",496.76,2007
"39","Bhagwati Banquets And Hotels Ltd",2007-04-18,2007-04-25,40,"BB",92,2007
"40","Hilton Metal Forging Ltd",2007-04-18,2007-04-24,70,"FP",38.15,2007
"41","MIC Electronics Limited",2007-04-30,2007-05-08,150,"BB",76.5,2007
"42","Binani Cement Limited",2007-05-07,2007-05-10,75,"BB",153.75,2007
"43","Insecticides India Ltd",2007-05-07,2007-05-11,115,"BB",36.92,2007
"44","Asahi Songwon Colors Ltd",2007-05-09,2007-05-15,90,"BB",33.5,2007
"45","Glory Polyfilms Ltd",2007-05-09,2007-05-15,48,"FP",39.46,2007
"46","Nitin Fire Protection Industries Ltd",2007-05-15,2007-05-18,190,"BB",64.41,2007
"47","Time Technoplast Limited",2007-05-18,2007-05-23,315,"BB",123.53,2007
"48","Decolight Ceramics Limited",2007-05-24,2007-05-29,54,"BB",43.45,2007
"49","Meghmani Organics Limited",2007-06-04,2007-06-07,19,"BB",102,2007
"50","Nelcast Limited",2007-06-04,2007-06-08,219,"BB",95.27,2007
"51","DLF Limited",2007-06-11,2007-06-14,525,"BB",NA,2007
"52","Vishal Retail Ltd",2007-06-11,2007-06-13,270,"BB",110,2007
"53","Archidply Industries Ltd",2007-06-11,2008-06-17,74,"BB",48.96,2007
"54","Roman Tarmat Limited",2007-06-12,2007-06-19,175,"BB",50.75,2007
"55","Celestial Labs Limited",2007-06-18,2007-06-22,60,"FP",30,2007
"56","Ankit Metal & Power Ltd",2007-06-18,2007-06-22,36,"BB",42.84,2007
"57","Suryachakra Power Corporation Ltd",2007-06-25,2007-06-29,20,"BB",68,2007
"58","Spice Communications Limited",2007-06-25,2007-06-27,46,"BB",520.31,2007
"59","Housing Development and Infrastructure Ltd",2007-06-28,2007-07-03,500,"BB",NA,2007
"60","Allied Digital Services Limited",2007-07-02,2007-07-05,190,"BB",85.93,2007
"61","Everonn Systems India Limited",2007-07-05,2007-07-11,140,"BB",50,2007
"62","Simplex Projects Limited",2007-07-10,2007-07-13,185,"BB",55.5,2007
"63","Alpa Laboratories Limited",2007-07-12,2007-07-17,68,"BB",64.6,2007
"64","Omaxe Limited",2007-07-17,2007-07-20,310,"BB",551.69,2007
"65","Omnitech InfoSolutions Limited",2007-07-19,2007-07-25,105,"BB",35,2007
"66","Zylog Systems Limited",2007-07-20,2007-07-25,350,"BB",126,2007
"67","IVR Prime Urban Developers Ltd",2007-07-23,2007-07-26,550,"BB",778.25,2007
"68","Refex Refrigerants Limited",2007-07-23,2007-07-26,65,"FP",24.7,2007
"69","Central Bank of India",2007-07-24,2007-07-27,102,"BB",816,2007
"70","Asian Granito India Ltd",2007-07-26,2007-07-31,97,"BB",67.9,2007
"71","SEL Manufacturing Company Ltd",2007-07-26,2007-07-31,90,"BB",37.25,2007
"72","Puravankara Projects Limited",2007-07-31,2007-08-08,400,"BB",858.7,2007
"73","TAKE Solutions Limited",2007-08-01,2007-08-07,730,"BB",153.3,2007
"74","K.P.R. Mill Limited",2007-08-02,2007-08-07,225,"BB",133.02,2007
"75","Motilal Oswal Financial Services Ltd",2007-08-20,2007-08-23,825,"BB",246.07,2007
"76","Indowind Energy Limited",2007-08-21,2007-08-24,65,"BB",81.25,2007
"77","Magnum Ventures Limited",2007-08-27,2007-08-30,30,"BB",52.92,2007
"78","Kaveri Seed Company Limited",2007-09-06,2007-09-11,170,"BB",68,2007
"79","Dhanus Technologies Limited",2007-09-10,2007-09-12,295,"BB",113.13,2007
"80","Power Grid Corporation of India Ltd.",2007-09-10,2007-09-13,52,"BB",NA,2007
"81","Koutons Retail India Limited",2007-09-18,2007-09-21,415,"BB",146.26,2007
"82","Consolidated Construction Consortium Ltd",2007-09-18,2007-09-21,510,"BB",188.7,2007
"83","Supreme Infrastructure India Ltd",2007-09-21,2007-09-26,108,"BB",37.53,2007
"84","Saamya Biotech India Ltd",2007-09-25,2007-09-28,10,"FP",15,2007
"85","Maytas Infra Limited",2007-09-27,2007-10-04,370,"BB",327.45,2007
"86","Circuit Systems (India) Ltd",2007-09-27,2007-10-05,35,"FP",14.86,2007
"87","Rathi Bars Ltd",2007-10-18,2007-10-23,35,"FP",25,2007
"88","Allied Computers International (Asia) Ltd",2007-10-19,2007-10-23,12,"FP",6,2007
"89","SVPCL Limited",2007-10-22,2007-10-26,NA,"BB",NA,2007
"90","Varun Industries Limited",2007-10-25,2007-10-31,60,"FP",54,2007
"91","Barak Valley Cements Ltd",2007-10-29,2007-11-01,42,"BB",23.77,2007
"92","Religare Enterprises Limited",2007-10-29,2007-11-01,185,"BB",140.16,2007
"93","Mundra Port and Special Economic Zone Ltd",2007-11-01,2007-11-07,440,"BB",NA,2007
"94","Empee Distilleries Limited",2007-11-01,2007-11-06,400,"BB",192,2007
"95","Edelweiss Capital Limited",2007-11-15,2007-11-20,825,"BB",691.86,2007
"96","Kolte-Patil Developers Limited",2007-11-19,2007-11-22,145,"BB",275.51,2007
"97","Renaissance Jewellery Limited",2007-11-19,2007-11-21,150,"BB",79.86,2007
"98","Kaushalya Infrastructure Dev Corp Ltd",2007-11-20,2007-11-23,60,"BB",51,2007
"99","Jyothi Laboratories Limited",2007-11-22,2007-11-27,690,"BB",305.69,2007
"100","Burnpur Cement Limited",2007-11-28,2007-12-03,12,"FP",26.28,2007
"101","eClerx Services Limited",2007-12-04,2007-12-07,315,"BB",101,2007
"102","BGR Energy Systems Limited",2007-12-05,2007-12-12,480,"BB",438.53,2007
"103","Transformers and Rectifiers India Ltd",2007-12-07,2007-12-12,465,"BB",139.27,2007
"104","Brigade Enterprises Limited",2007-12-10,2007-12-13,390,"BB",648.36,2007
"105","Aries Agro Limited",2007-12-14,2007-12-19,130,"BB",58.5,2007
"106","Porwal Auto Components Limited",2007-12-17,2007-12-20,75,"BB",37.5,2007
"107","Manaksia Limited",2007-12-17,2007-12-19,160,"BB",248,2007
"108","Precision Pipes and Profiles Company Ltd",2007-12-17,2007-12-20,150,"BB",75,2007
"109","Future Capital Holdings Ltd",2008-01-11,2008-01-16,765,"BB",491.34,2008
"110","Reliance Power Limited",2008-01-15,2008-01-18,450,"BB",NA,2008
"111","J Kumar Infraprojects Limited",2008-01-18,2008-01-23,110,"BB",71.5,2008
"112","Cords Cable Industries Limited",2008-01-21,2008-01-24,135,"BB",41.65,2008
"113","OnMobile Global Limited",2008-01-24,2008-01-29,440,"BB",479.62,2008
"114","KNR Constructions Limited",2008-01-24,2008-01-29,180,"BB",133.87,2008
"115","Bang Overseas Limited",2008-01-28,2008-01-31,207,"BB",72.45,2008
"116","Shriram EPC Limited",2008-01-29,2008-02-01,300,"BB",150,2008
"117","Wockhardt Hospitals Ltd",2008-01-31,2008-02-07,NA,"BB",NA,2008
"118","IRB Infrastructure Developers Ltd",2008-01-31,2008-02-05,185,"BB",944.57,2008
"119","Emaar MGF Land Ltd",2008-02-01,2008-02-11,NA,"BB",NA,2008
"120","Tulsi Extrusions Limited",2008-02-01,2008-02-05,85,"BB",48.45,2008
"121","SVEC Constructions Ltd",2008-02-04,2008-02-13,NA,"BB",NA,2008
"122","GSS America Infotech Ltd",2008-02-11,2008-02-15,400,"BB",139.9,2008
"123","V-Guard Industries Limited",2008-02-18,2008-02-21,82,"BB",65.6,2008
"124","Rural Electrification Corporation Ltd.",2008-02-19,2008-02-22,105,"BB",NA,2008
"125","Gammon Infrastructure Projects Ltd",2008-03-10,2008-03-13,167,"BB",276.39,2008
"126","Sita Shree Food Products Ltd",2008-03-11,2008-03-14,30,"BB",31.5,2008
"127","Titagarh Wagons Limited",2008-03-24,2008-03-27,540,"BB",128.72,2008
"128","Kiri Dyes and Chemicals Limited",2008-03-25,2008-04-02,150,"BB",56.25,2008
"129","Aishwarya Telecom Limited",2008-04-15,2008-04-17,35,"BB",14,2008
"130","Gokul Refoils and Solvent Limited",2008-05-08,2008-05-13,195,"BB",139.59,2008
"131","Anu's Laboratories Limited",2008-05-12,2008-05-15,210,"BB",80.22,2008
"132","Niraj Cement Structurals Ltd",2008-05-26,2008-05-30,190,"BB",61.75,2008
"133","Bafna Pharmaceuticals Limited",2008-05-27,2008-05-30,40,"FP",25.6,2008
"134","Avon Weighing Systems Limited",2008-06-09,2008-06-12,10,"FP",9.84,2008
"135","Sejal Architectural Glass Ltd",2008-06-09,2008-06-12,115,"BB",105.73,2008
"136","First Winner Industries Limited",2008-06-09,2008-06-17,125,"BB",68.75,2008
"137","Lotus Eye Care Hospital Limited",2008-06-12,2008-06-20,38,"BB",38,2008
"138","KSK Energy Ventures Ltd",2008-06-23,2008-06-25,240,"BB",830.66,2008
"139","Somi Conveyor Beltings Limited",2008-06-24,2008-06-27,35,"FP",21.8,2008
"140","Birla Cotsyn (India) Limited",2008-06-30,2008-07-09,14,"BB",144.18,2008
"141","Vishal Information Technologies Ltd",2008-07-21,2008-07-24,150,"BB",41.85,2008
"142","Nu Tek India Limited",2008-07-29,2008-08-01,192,"BB",86.4,2008
"143","Austral Coke & Projects Ltd",2008-08-07,2008-08-13,196,"BB",142.3,2008
"144","Resurgere Mines & Minerals India Ltd",2008-08-11,2008-08-13,270,"BB",120.15,2008
"145","20 Microns Limited",2008-09-08,2008-09-11,55,"BB",23.93,2008
"146","Chemcel Bio-tech Limited",2008-09-09,2008-09-12,16,"FP",24.64,2008
"147","Alkali Metals Limited",2008-10-07,2008-10-15,103,"BB",26.27,2008
"148","Gemini Engi-Fab Limited",2009-02-03,2009-02-06,NA,"BB",NA,2009
"149","Edserv Softsystems Limited",2009-02-05,2009-02-09,60,"BB",23.84,2009
"150","Rishabhdev Technocable Ltd",2009-06-04,2009-06-09,33,"BB",22.62,2009
"151","Mahindra Holidays and Resorts India Ltd",2009-06-23,2009-06-26,300,"BB",277.96,2009
"152","Excel Infoways Limited",2009-07-14,2009-07-17,85,"BB",48.17,2009
"153","Raj Oil Mills Limited",2009-07-20,2009-07-23,120,"BB",114,2009
"154","Adani Power Limited",2009-07-28,2009-07-31,100,"BB",NA,2009
"155","NHPC Limited",2009-08-07,2009-08-12,36,"BB",NA,2009
"156","Jindal Cotex Limited",2009-08-27,2009-09-01,75,"BB",84.38,2009
"157","Globus Spirits Limited",2009-08-31,2009-09-02,100,"BB",75,2009
"158","Oil India Limited",2009-09-07,2009-09-10,NA,"BB",NA,2009
"159","Pipavav Shipyard Limited",2009-09-16,2009-09-18,58,"BB",495.61,2009
"160","Euro Multivision Limited",2009-09-22,2009-09-24,75,"BB",66,2009
"161","Thinksoft Global Services Ltd",2009-09-22,2009-10-01,125,"BB",45.58,2009
"162","Indiabulls Power Limited",2009-10-12,2009-10-15,45,"BB",NA,2009
"163","Den Networks Limited",2009-10-28,2009-10-30,195,"BB",364.46,2009
"164","Astec LifeSciences Limited",2009-10-29,2009-11-04,82,"BB",61.5,2009
"165","Cox and Kings (India) Limited",2009-11-18,2009-11-20,330,"BB",610.39,2009
"166","MBL Infrastructures Ltd",2009-11-27,2009-12-01,180,"BB",102.6,2009
"167","JSW Energy Limited",2009-12-07,2009-12-09,95,"BB",NA,2009
"168","Godrej Properties Limited",2009-12-09,2009-12-11,490,"BB",468.85,2009
"169","D B Corp Limited",2009-12-11,2009-12-15,212,"BB",384.22,2009
"170","Infinite Computer Solutions India Ltd",2010-01-11,2010-01-13,165,"BB",189.8,2010
"171","Jubilant Foodworks Ltd",2010-01-18,2010-01-20,145,"BB",328.72,2010
"172","Aqua Logistics Ltd",2010-01-25,2010-02-02,215,"BB",150,2010
"173","Thangamayil Jewellery Limited",2010-01-27,2010-01-29,75,"BB",28.76,2010
"174","Syncom Healthcare Limited",2010-01-27,2010-01-29,75,"BB",56.25,2010
"175","Vascon Engineers Limited",2010-01-27,2010-01-29,165,"BB",178.2,2010
"176","D B Realty Limited",2010-01-29,2010-02-02,468,"BB",NA,2010
"177","Emmbi Polyarns Limited",2010-02-01,2010-02-03,45,"BB",38.96,2010
"178","ARSS Infrastructure Projects Ltd",2010-02-08,2010-02-11,450,"BB",103,2010
"179","Hathway Cable & Datacom Ltd",2010-02-09,2010-02-11,240,"BB",666,2010
"180","Texmo Pipes & Products Ltd",2010-02-16,2010-02-19,90,"BB",45,2010
"181","Man Infraconstruction Ltd",2010-02-18,2010-02-22,252,"BB",141.75,2010
"182","United Bank of India",2010-02-23,2010-02-25,66,"BB",324.98,2010
"183","DQ Entertainment (International) Ltd",2010-03-08,2010-03-10,80,"BB",128.16,2010
"184","Pradip Overseas Limited",2010-03-11,2010-03-15,110,"BB",116.6,2010
"185","IL&FS Transportation Networks Ltd",2010-03-11,2010-03-15,258,"BB",700,2010
"186","Persistent Systems Limited",2010-03-17,2010-03-19,310,"BB",168.01,2010
"187","Shree Ganesh Jewellery House Ltd",2010-03-19,2010-03-23,260,"BB",371.02,2010
"188","Goenka Diamond & Jewels Ltd",2010-03-23,2010-03-26,135,"BB",126.51,2010
"189","Intrasoft Technologies Limited",2010-03-23,2010-03-26,145,"BB",53.65,2010
"190","Talwalkars Better value Fitness Ltd",2010-04-21,2010-04-23,128,"BB",77.44,2010
"191","Nitesh Estates Limited",2010-04-23,2010-04-27,54,"BB",405,2010
"192","Tarapur Transformers Limited",2010-04-26,2010-04-28,75,"BB",63.75,2010
"193","Mandhana Industries Limited",2010-04-27,2010-04-29,130,"BB",107.9,2010
"194","Tara Health Foods Limited",2010-04-28,2010-04-30,0,"BB",NA,2010
"195","Jaypee Infratech Ltd",2010-04-29,2010-05-04,102,"BB",NA,2010
"196","SJVN Ltd (Satluj Jal Vidyut Nigam Ltd)",2010-04-29,2010-05-03,26,"BB",NA,2010
"197","Fatpipe Networks India Limited",2010-06-07,2010-06-09,NA,"BB",NA,2010
"198","Parabolic Drugs Limited",2010-06-14,2010-06-17,75,"BB",200,2010
"199","Aster Silicates Ltd",2010-06-24,2010-06-28,118,"BB",53.1,2010
"200","Technofab Engineering Ltd",2010-06-29,2010-07-02,240,"BB",71.66,2010
"201","Hindustan Media Ventures Ltd",2010-07-05,2010-07-07,166,"BB",270,2010
"202","Midfield Industries Ltd",2010-07-19,2010-07-21,133,"BB",59.85,2010
"203","SKS Microfinance Ltd",2010-07-28,2010-08-02,985,"BB",NA,2010
"204","Bajaj Corp Limited",2010-08-02,2010-08-05,660,"BB",297,2010
"205","Prakash Steelage Ltd",2010-08-05,2010-08-10,110,"BB",68.75,2010
"206","Gujarat Pipavav Port Ltd (GPPL)",2010-08-23,2010-08-26,46,"BB",500,2010
"207","Indosolar Ltd",2010-09-13,2010-09-15,29,"BB",357,2010
"208","Career Point Infosystems Ltd",2010-09-16,2010-09-21,310,"BB",115,2010
"209","Eros International Media Ltd",2010-09-17,2010-09-21,175,"BB",350,2010
"210","Microsec Financial Services Ltd",2010-09-17,2010-09-21,118,"BB",147.5,2010
"211","Electrosteel Integrated Ltd",2010-09-21,2010-09-24,11,"BB",248.07,2010
"212","Ramky Infrastructure Ltd",2010-09-21,2010-09-23,450,"BB",530,2010
"213","Orient Green Power Company Ltd",2010-09-21,2010-09-24,47,"BB",900,2010
"214","Cantabil Retail India Ltd",2010-09-22,2010-09-27,135,"BB",105,2010
"215","Gallantt Ispat Ltd",2010-09-22,2010-09-24,50,"FP",40.5,2010
"216","VA Tech Wabag Ltd",2010-09-22,2010-09-27,NA,"BB",125,2010
"217","Tecpro Systems Ltd",2010-09-23,2010-09-28,355,"BB",267.91,2010
"218","Ashoka Buildcon Ltd",2010-09-24,2010-09-28,324,"BB",225,2010
"219","Sea TV Network Ltd",2010-09-27,2010-09-29,100,"BB",50.2,2010
"220","Bedmutha Industries Ltd",2010-09-28,2010-10-01,102,"BB",91.8,2010
"221","Commercial Engineers & Body Builders Co Ltd",2010-09-30,2010-10-05,127,"BB",153,2010
"222","BS Transcomm Ltd",2010-10-06,2010-10-13,248,"BB",190.45,2010
"223","Oberoi Realty Ltd",2010-10-06,2010-10-08,260,"BB",NA,2010
"224","Prestige Estates Projects Ltd",2010-10-12,2010-10-14,183,"BB",NA,2010
"225","Gyscoal Alloys Ltd",2010-10-13,2010-10-15,71,"BB",54.67,2010
"226","Coal India Limited",2010-10-18,2010-10-21,245,"BB",NA,2010
"227","Gravita India Ltd",2010-11-01,2010-11-03,125,"BB",45,2010
"228","RPP Infra Projects Ltd",2010-11-18,2010-11-22,75,"BB",48.75,2010
"229","Claris Lifesciences Limited",2010-11-24,2010-12-02,228,"BB",300,2010
"230","MOIL Limited",2010-11-26,2010-12-01,375,"BB",NA,2010
"231","Ravi Kumar Distilleries Ltd",2010-12-08,2010-12-10,64,"BB",73.6,2010
"232","A2Z Maintenance & Engineering Services Ltd",2010-12-08,2010-12-10,400,"BB",675,2010
"233","Punjab & Sind Bank",2010-12-13,2010-12-16,120,"BB",470.82,2010
"234","Shekhawati Poly-Yarn Ltd",2010-12-27,2010-12-29,30,"FP",36,2010
"235","C Mahendra Exports Ltd",2010-12-31,2011-01-06,110,"BB",165,2010
"236","Midvalley Entertainment Ltd",2011-01-10,2011-01-12,70,"BB",60,2011
"237","Omkar Speciality Chemicals Ltd",2011-01-24,2011-01-27,98,"BB",79.38,2011
"238","Sudar Garments Ltd",2011-02-21,2011-02-24,77,"BB",69.98,2011
"239","Acropetal Technologies Ltd",2011-02-21,2011-02-24,90,"BB",170,2011
"240","Fineotex Chemical Ltd",2011-02-23,2011-02-25,70,"BB",29.48,2011
"241","Lovable Lingeries Ltd",2011-03-08,2011-03-11,205,"BB",93.28,2011
"242","PTC India Financial Services Ltd",2011-03-16,2011-03-18,28,"BB",438.76,2011
"243","Shilpi Cable Technologies Ltd",2011-03-22,2011-03-25,69,"BB",55.88,2011
"244","Muthoot Finance Ltd",2011-04-18,2011-04-21,175,"BB",901.25,2011
"245","Paramount Printpackaging Ltd",2011-04-20,2011-04-25,35,"BB",45.83,2011
"246","Future Ventures India Ltd",2011-04-25,2011-04-28,10,"BB",750,2011
"247","Innoventive Industries Ltd",2011-04-26,2011-04-29,117,"BB",219.58,2011
"248","Servalakshmi Paper Ltd",2011-04-27,2011-04-29,29,"BB",60,2011
"249","Vaswani Industries Ltd",2011-04-29,2011-05-03,49,"BB",115.1,2011
"250","Sanghvi Forging & Engineering Ltd",2011-05-04,2011-05-09,85,"BB",36.9,2011
"251","Aanjaneya Lifecare Ltd",2011-05-09,2011-05-12,234,"BB",117,2011
"252","Galaxy Surfactants Ltd",2011-05-13,2011-05-19,0,"BB",NA,2011
"253","VMS Industries Ltd",2011-05-30,2011-06-02,40,"BB",25.75,2011
"254","Timbor Home Limited",2011-05-30,2011-06-02,63,"BB",23.25,2011
"255","Birla Pacific Medspa Ltd",2011-06-20,2011-06-23,10,"BB",65.18,2011
"256","Rushil Decor Ltd",2011-06-20,2011-06-23,72,"BB",40.64,2011
"257","Readymade Steel India Ltd",2011-06-27,2011-06-29,108,"BB",34.75,2011
"258","Bharatiya Global Infomedia Ltd",2011-07-11,2011-07-14,82,"BB",55.1,2011
"259","Inventure Growth & Securities Ltd",2011-07-20,2011-07-22,117,"BB",81.9,2011
"260","L&T Finance Holdings Limited",2011-07-27,2011-07-29,52,"BB",NA,2011
"261","Tree House Education & Accessories Ltd",2011-08-10,2011-08-12,135,"BB",113.83,2011
"262","Brooks Laboratories Ltd",2011-08-16,2011-08-18,100,"BB",63,2011
"263","SRS Limited",2011-08-23,2011-08-26,58,"BB",203,2011
"264","TD Power Systems Ltd",2011-08-24,2011-08-26,256,"BB",227,2011
"265","PG Electroplast Limited",2011-09-07,2011-09-12,210,"BB",120.65,2011
"266","Prakash Constrowell Ltd",2011-09-19,2011-09-21,138,"BB",60,2011
"267","RDB Rasayans Ltd",2011-09-21,2011-09-23,79,"BB",35.55,2011
"268","Swajas Air Charters Ltd",2011-09-26,2011-10-05,90,"BB",NA,2011
"269","Tijaria Polypipes Ltd",2011-09-27,2011-09-29,60,"FP",60,2011
"270","Onelife Capital Advisors Ltd",2011-09-28,2011-10-04,110,"BB",36.85,2011
"271","M and B Switchgears Ltd",2011-09-28,2011-10-05,186,"BB",93,2011
"272","Taksheel Solutions Ltd",2011-09-29,2011-10-04,150,"BB",82.5,2011
"273","Flexituff International Ltd",2011-09-29,2011-10-05,155,"BB",104.63,2011
"274","Indo Thai Securities Limited",2011-09-30,2011-10-05,74,"BB",29.6,2011
"275","Goodwill Hospital & Research Centre Ltd",2011-12-30,2012-01-09,NA,"BB",NA,2011
"276","Multi Commodity Exchange of India Ltd",2012-02-22,2012-02-24,NA,"BB",663.31,2012
"277","BCB Finance Ltd",2012-02-23,2012-02-27,25,"FP",8.85,2012
"278","Olympic Cards Ltd",2012-03-09,2012-03-13,30,"BB",25,2012
"279","National Buildings Construction Corporation Ltd",2012-03-22,2012-03-27,106,"BB",127.2,2012
"280","MT Educare Limited",2012-03-27,2012-03-29,80,"BB",35,2012
"281","Tribhovandas Bhimji Zaveri Ltd",2012-04-24,2012-04-26,120,"BB",200,2012
"282","Samvardhana Motherson Finance Ltd",2012-05-02,2012-05-04,NA,"BB",NA,2012
"283","Plastene India Limited",2012-05-09,2012-05-15,NA,"BB",NA,2012
"284","Monarch Health Services Ltd",2012-05-12,2012-05-16,40,"FP",12,2012
"285","Speciality Restaurants Ltd",2012-05-16,2012-05-18,150,"BB",176.09,2012
"286","Max Alert Systems Ltd",2012-06-28,2012-07-02,20,"FP",0,2012
"287","VKS Projects Ltd",2012-06-29,2012-07-04,55,"BB",55,2012
"288","Sangam Advisors Ltd",2012-07-24,2012-07-26,22,"FP",0,2012
"289","Jupiter Infomedia Ltd",2012-07-30,2012-08-01,20,"FP",0,2012
"290","Jointeca Education Solutions Ltd",2012-08-16,2012-08-21,15,"FP",5.35,2012
"291","SRG Housing Finance Ltd",2012-08-22,2012-08-28,20,"FP",7.01,2012
"292","Thejo Engineering Ltd",2012-09-04,2012-09-06,402,"BB",19,2012
"293","Comfort Commotrade Ltd",2012-09-05,2012-09-10,10,"FP",6,2012
"294","Anshu's Clothing Limited",2012-09-26,2012-09-28,27,"FP",5.05,2012
"295","RCL Retail Limited",2012-09-27,2012-10-01,10,"FP",0,2012
"296","Bronze infra-tech Ltd",2012-10-19,2012-10-23,15,"FP",0,2012
"297","Tara Jewels Limited",2012-11-21,2012-11-23,230,"BB",183.49,2012
"298","Veto Switchgears and Cables Ltd",2012-12-03,2012-12-05,50,"BB",25,2012
"299","Credit Analysis & Research Ltd",2012-12-07,2012-12-11,750,"BB",539.98,2012
"300","PC Jeweller Ltd",2012-12-10,2012-12-12,135,"BB",609.3,2012
"301","Bharti Infratel Limited",2012-12-11,2012-12-14,220,"BB",NA,2012
"302","Eco Friendly Food Processing Park Ltd",2012-12-27,2012-12-31,25,"FP",7.52,2012
"303","Esteem Bio Organic Food Processing Ltd",2013-01-18,2013-01-22,25,"FP",11.25,2013
"304","V-Mart Retail Ltd",2013-02-01,2013-02-05,210,"BB",94.42,2013
"305","Sai Silks (Kalamandir) Ltd",2013-02-11,2013-02-13,NA,"BB",NA,2013
"306","Sunstar Realty Development Ltd",2013-02-18,2013-02-21,20,"FP",10.62,2013
"307","Kavita Fabrics Ltd",2013-02-20,2013-02-22,40,"FP",5.1,2013
"308","Channel Nine Entertainment Ltd",2013-02-22,2013-02-26,25,"FP",11.67,2013
"309","HPC Biosciences Ltd",2013-03-01,2013-03-05,35,"FP",15.75,2013
"310","Bothra Metals and Alloys Ltd",2013-03-12,2013-03-14,25,"FP",12.21,2013
"311","Repco Home Finance Ltd",2013-03-13,2013-03-15,172,"BB",270.39,2013
"312","GCM Securities Ltd",2013-03-18,2013-03-20,20,"FP",12.18,2013
"313","Lakhotia Polyesters (India) Ltd",2013-03-19,2013-03-21,35,"FP",5.08,2013
"314","Opal Luxury Time Products Ltd",2013-03-25,2013-03-28,130,"BB",13,2013
"315","Ashapura Intimates Fashion Ltd",2013-03-28,2013-04-04,40,"FP",21,2013
"316","Samruddhi Realty Ltd",2013-03-28,2013-04-03,12,"FP",2.6,2013
"317","Scotts Garments Ltd",2013-04-25,2013-05-03,NA,"BB",NA,2013
"318","Onesource Techmedia Ltd",2013-05-17,2013-05-21,14,"FP",2.8,2013
"319","Just Dial Ltd",2013-05-20,2013-05-22,530,"BB",919.14,2013
"320","India Finsec Limited",2013-05-24,2013-05-28,10,"FP",6,2013
"321","Edynamics Solutions Ltd",2013-06-10,2013-06-12,25,"FP",15.6,2013
"322","Money Masters Leasing & Finance Ltd",2013-07-23,2013-07-26,15,"FP",2,2013
"323","Alacrity Securities Ltd",2013-07-29,2013-08-01,15,"FP",9,2013
"324","GCM Commodity & Derivatives Ltd",2013-08-01,2013-08-05,20,"FP",7.02,2013
"325","Silverpoint Infratech Ltd",2013-08-12,2013-08-14,15,"FP",12,2013
"326","VKJ Infradevelopers Ltd",2013-08-12,2013-08-16,25,"FP",12.75,2013
"327","Kushal Tradelink Ltd",2013-08-14,2013-08-21,35,"FP",27.75,2013
"328","Tiger Logistics (India) Ltd",2013-08-27,2013-08-29,66,"FP",7.52,2013
"329","Ace Tours Worldwide Ltd",2013-09-09,2013-09-12,16,"FP",8,2013
"330","Satkar Finlease Limited",2013-09-25,2013-09-27,18,"FP",13.51,2013
"331","Newever Trade Wings Ltd",2013-09-30,2013-10-03,10,"FP",6.32,2013
"332","Subh Tex India Limited",2013-09-30,2013-10-07,10,"FP",3.5,2013
"333","VCU Data Management Ltd",2013-10-04,2013-10-08,25,"FP",18.75,2013
"334","SRG Securities Finance Ltd",2013-10-07,2013-10-14,20,"FP",5.02,2013
"335","Amrapali Capital and Finance Services Ltd",2013-10-15,2013-10-18,100,"FP",25.78,2013
"336","MITCON Consultancy & Engineering Services Ltd",2013-10-15,2013-10-18,61,"FP",25.01,2013
"337","Stellar Capital Services Ltd",2013-10-15,2013-10-18,20,"FP",9,2013
"338","Captain Polyplast Ltd",2013-11-26,2013-11-28,30,"FP",5.94,2013
"339","Tentiwal Wire Products Ltd",2013-12-11,2013-12-16,13,"FP",2.12,2013
"340","Suyog Telematics Ltd",2013-12-30,2014-01-07,25,"FP",4.55,2013
"341","RCI Industries & Technologies Ltd",2013-12-30,2014-01-06,40,"FP",11.52,2013
"342","Chemtech Industrial Valves Ltd",2014-01-15,2014-01-17,15,"FP",7.43,2014
"343","Agrimony Commodities Ltd",2014-01-31,2014-02-04,10,"FP",3.02,2014
"344","Polymac Thermoformers Ltd",2014-02-06,2014-02-10,35,"FP",7.7,2014
"345","Unishire Urban Infra Ltd",2014-02-10,2014-02-12,10,"BB",6.43,2014
"346","SI VI Shipping Corporation Ltd",2014-02-18,2014-02-21,25,"FP",6.86,2014
"347","B C Power Controls Ltd",2014-02-24,2014-02-28,18,"FP",10.37,2014
"348","Sanco Industries Ltd",2014-02-24,2014-02-26,18,"FP",4.32,2014
"349","Karnimata Cold Storage Ltd",2014-02-25,2014-03-03,20,"FP",3.04,2014
"350","Anisha Impex Ltd",2014-03-03,2014-03-05,10,"FP",6.5,2014
"351","Loha Ispaat Ltd",2014-03-11,2014-03-25,NA,"BB",NA,2014
"352","Shri Krishna Prasadam Ltd",2014-03-11,2014-03-14,10,"FP",2.16,2014
"353","Oceanaa Biotek Industries Ltd",2014-03-18,2014-03-20,10,"FP",2.1,2014
"354","Women's Next Loungeries Ltd",2014-03-28,2014-04-07,65,"FP",6.5,2014
"355","R & B Denims Ltd",2014-03-28,2014-04-04,10,"FP",3.71,2014
"356","Wonderla Holidays Ltd",2014-04-21,2014-04-23,125,"BB",181.25,2014
"357","GCM Capital Advisors Ltd",2014-05-05,2014-05-07,20,"FP",0,2014
"358","SPS Finquest Ltd",2014-05-21,2014-05-23,75,"FP",25.08,2014
"359","Dhanuka Commercial Ltd",2014-05-22,2014-05-28,10,"FP",4.44,2014
"360","Tarini International Ltd",2014-06-09,2014-06-13,41,"FP",16.31,2014
"361","Oasis Tradelink Ltd",2014-06-23,2014-06-30,30,"FP",6,2014
"362","Bansal Roofing Products Ltd",2014-06-26,2014-06-30,30,"FP",2.04,2014
"363","Bhanderi Infracon Ltd",2014-07-22,2014-07-25,120,"FP",6.48,2014
"364","Carewell Industries Ltd",2014-07-25,2014-07-30,15,"FP",4.96,2014
"365","Vishal Fabrics Ltd",2014-07-31,2014-08-05,45,"FP",15.63,2014
"366","Snowman Logistics Ltd",2014-08-26,2014-08-28,47,"BB",197.4,2014
"367","Naysaa Securities Ltd",2014-09-05,2014-09-12,15,"FP",0,2014
"368","Sharda Cropchem Ltd",2014-09-05,2014-09-09,156,"BB",351.86,2014
"369","Sirohia & Sons Ltd",2014-09-08,2014-09-10,12,"FP",3.6,2014
"370","Encash Entertainment Ltd",2014-09-09,2014-09-15,40,"FP",4.39,2014
"371","Ultracab India Ltd",2014-09-15,2014-09-23,36,"FP",7.97,2014
"372","Shemaroo Entertainment Ltd",2014-09-16,2014-09-18,153,"BB",120,2014
"373","Momai Apparels Limited",2014-09-25,2014-09-30,78,"BB",30,2014
"374","Aryaman Capital Markets Ltd",2014-09-25,2014-10-01,12,"FP",4.31,2014
"375","Atishay Infotech Limited",2014-09-25,2014-09-29,16,"FP",3.71,2014
"376","Powerhouse Fitness and Realty Ltd",2014-09-29,2014-10-09,30,"FP",7.2,2014
"377","Starlit Power Systems Limited",2014-09-29,2014-10-10,18,"FP",2.95,2014
"378","Dhabriya Polywood Limited",2014-09-29,2014-10-07,15,"FP",3.3,2014
"379","Vibrant Global Capital Limited",2014-09-29,2014-10-07,19,"FP",11.48,2014
"380","ADCC Infocad Limited",2014-09-30,2014-10-08,40,"FP",9.6,2014
"381","JLA Infraville Shoppers Limited",2014-10-16,2014-10-27,10,"FP",2,2014
"382","Jet Infraventure Limited",2014-10-30,2014-11-11,125,"FP",4.5,2014
"383","Aanchal Ispat Ltd",2014-11-24,2014-11-26,20,"FP",16,2014
"384","Captain Pipes Ltd",2014-11-26,2014-12-01,40,"FP",4.4,2014
"385","Anubhav Infrastructure Ltd",2014-11-26,2014-11-28,15,"FP",9,2014
"386","Monte Carlo Fashions Limited",2014-12-03,2014-12-05,645,"BB",350.43,2014
"387","Amsons Apparels Ltd",2014-12-16,2014-12-22,10,"FP",3.25,2014
"388","NCML Industries Ltd",2014-12-29,2015-01-09,NA,"BB",NA,2014
"389","Raghuvansh Agrofarms Ltd",2015-01-09,2015-01-13,11,"FP",3.96,2015
"390","Karnavati Finance Ltd",2015-01-19,2015-01-21,10,"FP",2.58,2015
"391","Akme Star Housing Finance Ltd",2015-02-25,2015-03-05,30,"FP",4.8,2015
"392","Ortel Communications Ltd",2015-03-03,2015-03-05,181,"BB",217.2,2015
"393","Mahabir Metallex Ltd",2015-03-09,2015-03-12,10,"FP",3.9,2015
"394","Adlabs Entertainment Ltd",2015-03-10,2015-03-12,168,"BB",341.48,2015
"395","AGI Infra Ltd",2015-03-10,2015-03-13,54,"FP",0,2015
"396","SSPN Finance Ltd",2015-03-10,2015-03-12,20,"FP",1.5,2015
"397","Supreme (India) Impex Ltd",2015-03-16,2015-03-18,60,"FP",7.87,2015
"398","Inox Wind Limited",2015-03-18,2015-03-20,310,"BB",700,2015
"399","Shareway Securities Ltd",2015-03-24,2015-03-31,14,"FP",5,2015
"400","Filtra Consultants and Engineers Ltd",2015-03-24,2015-03-30,42,"FP",3.11,2015
"401","Athena Constructions Ltd",2015-03-25,2015-03-30,10,"FP",2.5,2015
"402","Yogya Enterprises Ltd",2015-03-25,2015-03-30,15,"FP",1.5,2015
"403","O P Chains Ltd",2015-03-30,2015-04-08,11,"FP",2.04,2015
"404","VRL Logistics Ltd",2015-04-15,2015-04-17,205,"BB",473.88,2015
"405","MEP Infrastructure Developers Ltd",2015-04-21,2015-04-23,63,"BB",324,2015
"406","UFO Moviez Ltd",2015-04-28,2015-04-30,625,"BB",600,2015
"407","PNC Infratech Limited",2015-05-08,2015-05-12,378,"BB",488.44,2015
"408","Funny Software Ltd",2015-05-14,2015-05-20,14,"FP",4.59,2015
"409","Ambition Mica Ltd",2015-06-23,2015-06-30,40,"FP",4.3,2015
"410","Manpasand Beverages Ltd",2015-06-24,2015-06-26,320,"BB",400,2015
"411","Junction Fabrics and Apparels Ltd",2015-06-25,2015-06-29,16,"FP",1.6,2015
"412","Mishka Exim Ltd",2015-06-26,2015-06-30,10,"FP",5.45,2015
"413","VMV Holidays Ltd",2015-06-29,2015-07-01,10,"FP",1.56,2015
"414","Jiya Eco Products Ltd",2015-06-29,2015-07-02,19,"FP",4.58,2015
"415","M D Inducto Cast Ltd",2015-06-30,2015-07-02,27,"FP",17.24,2015
"416","MRSS India",2015-06-30,2015-07-02,12.75,"FP",1.43,2015
"417","Gala Print City Ltd",2015-06-30,2015-07-06,24,"FP",3.04,2015
"418","Loyal Equipments Ltd",2015-07-03,2015-07-07,18,"FP",3.24,2015
"419","Amrapali Fincap Ltd",2015-07-20,2015-07-22,120,"FP",42.48,2015
"420","Pecos Hotels and Pubs Ltd",2015-07-23,2015-07-28,50,"FP",2.3,2015
"421","Syngene International Ltd",2015-07-27,2015-07-29,250,"BB",550,2015
"422","Emkay Taps and Cutting Tools Limited",2015-07-27,2015-07-30,330,"FP",15.55,2015
"423","Mangalam Seeds Limited",2015-07-29,2015-07-31,50,"FP",5.7,2015
"424","Power Mech Projects Ltd",2015-08-07,2015-08-11,640,"BB",273.22,2015
"425","Oyeeee Media Ltd",2015-08-13,2015-08-19,40,"FP",15.9,2015
"426","Universal Autofoundry Limited",2015-08-19,2015-08-21,15,"FP",3.24,2015
"427","Navkar Corporation Limited",2015-08-24,2015-08-26,155,"BB",600,2015
"428","Pennar Engineered Building Systems Ltd",2015-08-25,2015-08-27,178,"BB",156.19,2015
"429","Shree Pushkar Chemicals and Fertilisers Ltd",2015-08-25,2015-08-27,65,"BB",70,2015
"430","Prabhat Dairy Limited",2015-08-28,2015-09-04,115,"BB",520,2015
"431","Sadbhav Infrastructure Project Limited",2015-08-31,2015-09-02,103,"BB",425,2015
"432","H.K. Trade International Limited",2015-08-31,2015-09-03,18,"FP",2.29,2015
"433","P. B. Films Limited",2015-09-01,2015-09-07,10,"FP",5,2015
"434","Sri Krishna Constructions (India) Ltd",2015-09-10,2015-09-15,45,"FP",11.34,2015
"435","Shaival Reality Ltd",2015-09-15,2015-09-18,100,"FP",5.28,2015
"436","Ahimsa Industries Ltd",2015-09-24,2015-10-01,25,"FP",3.8,2015
"437","Vaksons Automobiles Limited",2015-09-28,2015-10-01,26,"FP",6.24,2015
"438","Bella Casa Fashion & Retail Limited",2015-09-28,2015-09-30,14,"FP",3.43,2015
"439","Vishal Bearings Ltd",2015-09-28,2015-09-30,25,"FP",3.24,2015
"440","Cawasji Behramji Catering Services Ltd",2015-09-29,2015-10-05,14,"FP",1.86,2015
"441","Tejnaksh Healthcare Ltd",2015-09-30,2015-10-12,80,"FP",2.43,2015
"442","Patdiam Jewellery Ltd",2015-09-30,2015-10-05,38,"FP",5,2015
"443","Coffee Day Enterprises Ltd",2015-10-14,2015-10-16,328,"BB",NA,2015
"444","Interglobe Aviation Ltd",2015-10-27,2015-10-29,765,"BB",NA,2015
"445","S H Kelkar & Company Ltd",2015-10-28,2015-10-30,180,"BB",200,2015
"446","Perfect Infraengineers Ltd",2015-10-30,2015-11-04,23,"FP",6,2015
"447","Navigant Corporate Advisors Ltd",2015-11-30,2015-12-07,14,"FP",1.19,2015
"448","Dr. Lal PathLabs Limited",2015-12-08,2015-12-10,550,"BB",638,2015
"449","Alkem Laboratories Limited",2015-12-08,2015-12-10,NA,"BB",NA,2015
"450","Suncare Traders Ltd",2015-12-15,2015-12-18,64,"FP",24.22,2015
"451","Narayana Hrudayalaya Ltd",2015-12-17,2015-12-21,250,"BB",613.08,2015
"452","OFS Technologies Ltd",2015-12-28,2015-12-31,25,"FP",4.25,2015
"453","Fourth Dimension Solutions Ltd",2015-12-30,2016-01-07,30,"FP",8.68,2015
"454","Blueblood Ventures Ltd",2016-01-21,2016-01-27,50,"FP",7.04,2016
"455","Precision Camshafts Ltd",2016-01-27,2016-01-29,186,"BB",410,2016
"456","Ganga Pharmaceuticals Ltd",2016-01-29,2016-02-09,15,"FP",1.54,2016
"457","TeamLease Services Ltd",2016-02-02,2016-02-04,850,"BB",423.68,2016
"458","Vidli Restaurants Ltd",2016-02-03,2016-02-05,10,"FP",1.31,2016
"459","Quick Heal Technologies Ltd",2016-02-08,2016-02-10,321,"BB",451.25,2016
"460","Sylph Education Solutions Ltd",2016-02-10,2016-02-15,12,"FP",4.8,2016
"461","K.P. Energy Ltd",2016-02-15,2016-02-17,70,"BB",6.44,2016
"462","Hi-Tech Pipes Ltd",2016-02-15,2016-02-19,50,"FP",13.65,2016
"463","Relicab Cable Manufacturing Ltd",2016-03-09,2016-03-14,20,"FP",0.32,2016
"464","Wealth First Portfolio Managers Ltd",2016-03-10,2016-03-18,50,"FP",8.4,2016
"465","HEC Infra Projects Ltd",2016-03-10,2016-03-18,100,"FP",5.39,2016
"466","Khemani Distributors & Marketing Ltd",2016-03-16,2016-03-18,100,"FP",15.84,2016
"467","Healthcare Global Enterprises Ltd",2016-03-16,2016-03-18,218,"BB",357.3,2016
"468","Umiya Tubes Ltd",2016-03-18,2016-03-22,10,"FP",2,2016
"469","Bharat Wire Ropes Ltd",2016-03-18,2016-03-22,45,"BB",70,2016
"470","Infibeam Incorporation Ltd",2016-03-21,2016-03-23,432,"BB",450,2016
"471","CHD Chemicals Ltd",2016-03-21,2016-03-23,11,"FP",1.98,2016
"472","Nintec Systems Ltd",2016-03-29,2016-04-06,10,"FP",1.88,2016
"473","Franklin Leasing and Finance Ltd",2016-03-30,2016-04-05,15,"FP",6.34,2016
"474","Ruby Cables Ltd",2016-03-30,2016-04-05,50,"FP",10.01,2016
"475","Sysco Industries Ltd",2016-03-31,2016-04-05,10,"FP",2.17,2016
"476","Lancer Containers Lines Ltd",2016-03-31,2016-04-05,12,"FP",1.85,2016
"477","Raghav Ramming Mass Ltd",2016-03-31,2016-04-06,39,"FP",7.49,2016
"478","Equitas Holdings Limited",2016-04-05,2016-04-07,110,"BB",NA,2016
"479","Ghushine Fintrrade Ocean Ltd",2016-04-25,2016-04-27,10,"FP",2.6,2016
"480","Bajaj Healthcare Ltd",2016-04-27,2016-05-02,170,"FP",30.9,2016
"481","Thyrocare Technologies Ltd",2016-04-27,2016-04-29,446,"BB",479.21,2016
"482","Ujjivan Financial Services Ltd",2016-04-28,2016-05-02,201,"BB",887.69,2016
"483","Darshan Orna Limited",2016-05-02,2016-05-11,60,"FP",7.54,2016
"484","Sagardeep Alloys Ltd",2016-05-04,2016-05-09,20,"FP",6,2016
"485","Parag Milk Foods Ltd",2016-05-04,2016-05-11,NA,"BB",0,2016
